{"cameraMode":{"drawMode":0,"name":"Shaded","section":"Shading Mode"},"sceneLighting":false,"audioPlay":false,"sceneViewState":{"showFog":true,"showMaterialUpdate":false,"showSkybox":false,"showFlares":true,"showImageEffects":true,"showParticleSystems":true},"in2DMode":false,"pivot":{"x":12.329999923706055,"y":0.30000004172325137,"z":0.0},"rotation":{"x":0.17885121703147889,"y":-0.6831495761871338,"z":0.17830440402030946,"w":0.6852326393127441},"size":3.5103161334991457,"orthographic":false}